Workbook

Sheet 📊 Dashboard
A1: KT Onboarding Enterprise — B2 Onboarding Journey Builder
A2: Module Tracker | v1.0 | April 2026 | Salesforce AppExchange Managed Package
A4: 📦 Module Summary by Feature
A5: Feature ID | B5: Feature Name | C5: Total Tasks | D5: Story Points | E5: P1 Critical | F5: P2 High | G5: P3 Med/Low | H5: Status
A6: B2.1 | B6: Journey Canvas & Designer (LWC) | C6: =COUNTIF('📋 All Tasks'!C:C,"B2.1") -> 7 | D6: =SUMIF('📋 All Tasks'!C:C,"B2.1",'📋 All Tasks'!O:O) -> 32 | E6: =COUNTIFS('📋 All Tasks'!C:C,"B2.1",'📋 All Tasks'!I:I,"P1 - Critical") -> 3 | F6: =COUNTIFS('📋 All Tasks'!C:C,"B2.1",'📋 All Tasks'!I:I,"P2 - High") -> 4 | G6: =COUNTIFS('📋 All Tasks'!C:C,"B2.1",'📋 All Tasks'!I:I,"P3 - Medium")+COUNTIFS('📋 All Tasks'!C:C,"B2.1",'📋 All Tasks'!I:I,"P4 - Low") -> 0 | H6: Not Started
A7: B2.2 | B7: Flow Orchestration Runtime | C7: =COUNTIF('📋 All Tasks'!C:C,"B2.2") -> 6 | D7: =SUMIF('📋 All Tasks'!C:C,"B2.2",'📋 All Tasks'!O:O) -> 37 | E7: =COUNTIFS('📋 All Tasks'!C:C,"B2.2",'📋 All Tasks'!I:I,"P1 - Critical") -> 6 | F7: =COUNTIFS('📋 All Tasks'!C:C,"B2.2",'📋 All Tasks'!I:I,"P2 - High") -> 0 | G7: =COUNTIFS('📋 All Tasks'!C:C,"B2.2",'📋 All Tasks'!I:I,"P3 - Medium")+COUNTIFS('📋 All Tasks'!C:C,"B2.2",'📋 All Tasks'!I:I,"P4 - Low") -> 0 | H7: Not Started
A8: B2.3 | B8: Custom Objects & Data Model | C8: =COUNTIF('📋 All Tasks'!C:C,"B2.3") -> 3 | D8: =SUMIF('📋 All Tasks'!C:C,"B2.3",'📋 All Tasks'!O:O) -> 8 | E8: =COUNTIFS('📋 All Tasks'!C:C,"B2.3",'📋 All Tasks'!I:I,"P1 - Critical") -> 3 | F8: =COUNTIFS('📋 All Tasks'!C:C,"B2.3",'📋 All Tasks'!I:I,"P2 - High") -> 0 | G8: =COUNTIFS('📋 All Tasks'!C:C,"B2.3",'📋 All Tasks'!I:I,"P3 - Medium")+COUNTIFS('📋 All Tasks'!C:C,"B2.3",'📋 All Tasks'!I:I,"P4 - Low") -> 0 | H8: Not Started
A9: B2.4 | B9: SLA Engine & Escalation | C9: =COUNTIF('📋 All Tasks'!C:C,"B2.4") -> 4 | D9: =SUMIF('📋 All Tasks'!C:C,"B2.4",'📋 All Tasks'!O:O) -> 18 | E9: =COUNTIFS('📋 All Tasks'!C:C,"B2.4",'📋 All Tasks'!I:I,"P1 - Critical") -> 3 | F9: =COUNTIFS('📋 All Tasks'!C:C,"B2.4",'📋 All Tasks'!I:I,"P2 - High") -> 1 | G9: =COUNTIFS('📋 All Tasks'!C:C,"B2.4",'📋 All Tasks'!I:I,"P3 - Medium")+COUNTIFS('📋 All Tasks'!C:C,"B2.4",'📋 All Tasks'!I:I,"P4 - Low") -> 0 | H9: Not Started
A10: B2.5 | B10: Gate Signal Integrations | C10: =COUNTIF('📋 All Tasks'!C:C,"B2.5") -> 6 | D10: =SUMIF('📋 All Tasks'!C:C,"B2.5",'📋 All Tasks'!O:O) -> 18 | E10: =COUNTIFS('📋 All Tasks'!C:C,"B2.5",'📋 All Tasks'!I:I,"P1 - Critical") -> 5 | F10: =COUNTIFS('📋 All Tasks'!C:C,"B2.5",'📋 All Tasks'!I:I,"P2 - High") -> 1 | G10: =COUNTIFS('📋 All Tasks'!C:C,"B2.5",'📋 All Tasks'!I:I,"P3 - Medium")+COUNTIFS('📋 All Tasks'!C:C,"B2.5",'📋 All Tasks'!I:I,"P4 - Low") -> 0 | H10: Not Started
A11: B2.6 | B11: Bulk & Re-Trigger Services | C11: =COUNTIF('📋 All Tasks'!C:C,"B2.6") -> 4 | D11: =SUMIF('📋 All Tasks'!C:C,"B2.6",'📋 All Tasks'!O:O) -> 20 | E11: =COUNTIFS('📋 All Tasks'!C:C,"B2.6",'📋 All Tasks'!I:I,"P1 - Critical") -> 0 | F11: =COUNTIFS('📋 All Tasks'!C:C,"B2.6",'📋 All Tasks'!I:I,"P2 - High") -> 4 | G11: =COUNTIFS('📋 All Tasks'!C:C,"B2.6",'📋 All Tasks'!I:I,"P3 - Medium")+COUNTIFS('📋 All Tasks'!C:C,"B2.6",'📋 All Tasks'!I:I,"P4 - Low") -> 0 | H11: Not Started
A12: B2.7 | B12: Headless 360 (MCP + AXL + Agent Script) | C12: =COUNTIF('📋 All Tasks'!C:C,"B2.7") -> 9 | D12: =SUMIF('📋 All Tasks'!C:C,"B2.7",'📋 All Tasks'!O:O) -> 35 | E12: =COUNTIFS('📋 All Tasks'!C:C,"B2.7",'📋 All Tasks'!I:I,"P1 - Critical") -> 0 | F12: =COUNTIFS('📋 All Tasks'!C:C,"B2.7",'📋 All Tasks'!I:I,"P2 - High") -> 7 | G12: =COUNTIFS('📋 All Tasks'!C:C,"B2.7",'📋 All Tasks'!I:I,"P3 - Medium")+COUNTIFS('📋 All Tasks'!C:C,"B2.7",'📋 All Tasks'!I:I,"P4 - Low") -> 2 | H12: Not Started
A13: B2.8 | B13: React Canvas (Beta) | C13: =COUNTIF('📋 All Tasks'!C:C,"B2.8") -> 2 | D13: =SUMIF('📋 All Tasks'!C:C,"B2.8",'📋 All Tasks'!O:O) -> 14 | E13: =COUNTIFS('📋 All Tasks'!C:C,"B2.8",'📋 All Tasks'!I:I,"P1 - Critical") -> 0 | F13: =COUNTIFS('📋 All Tasks'!C:C,"B2.8",'📋 All Tasks'!I:I,"P2 - High") -> 0 | G13: =COUNTIFS('📋 All Tasks'!C:C,"B2.8",'📋 All Tasks'!I:I,"P3 - Medium")+COUNTIFS('📋 All Tasks'!C:C,"B2.8",'📋 All Tasks'!I:I,"P4 - Low") -> 2 | H13: Not Started
A14: B2.9 | B14: Testing & UAT | C14: =COUNTIF('📋 All Tasks'!C:C,"B2.9") -> 3 | D14: =SUMIF('📋 All Tasks'!C:C,"B2.9",'📋 All Tasks'!O:O) -> 15 | E14: =COUNTIFS('📋 All Tasks'!C:C,"B2.9",'📋 All Tasks'!I:I,"P1 - Critical") -> 3 | F14: =COUNTIFS('📋 All Tasks'!C:C,"B2.9",'📋 All Tasks'!I:I,"P2 - High") -> 0 | G14: =COUNTIFS('📋 All Tasks'!C:C,"B2.9",'📋 All Tasks'!I:I,"P3 - Medium")+COUNTIFS('📋 All Tasks'!C:C,"B2.9",'📋 All Tasks'!I:I,"P4 - Low") -> 0 | H14: Not Started
A15: TOTAL | B15: All Features | C15: =SUM(C6:C14) -> 44 | D15: =SUM(D6:D14) -> 197 | E15: =SUM(E6:E14) -> 23 | F15: =SUM(F6:F14) -> 17 | G15: =SUM(G6:G14) -> 4
A17: ⏱️ Time Estimates by Feature
A18: Feature ID | B18: Feature Name | C18: AI Dev (hrs) | D18: Buffer (25%) | E18: Total Hrs | F18: Total Days (÷8)
A19: B2.1 | B19: Journey Canvas & Designer (LWC) | C19: =SUMIF('📋 All Tasks'!C:C,"B2.1",'📋 All Tasks'!P:P) -> 48 | D19: =C19*0.25 -> 12 | E19: =C19+D19 -> 60 | F19: =E19/8 -> 7.5
A20: B2.2 | B20: Flow Orchestration Runtime | C20: =SUMIF('📋 All Tasks'!C:C,"B2.2",'📋 All Tasks'!P:P) -> 62.5 | D20: =C20*0.25 -> 15.625 | E20: =C20+D20 -> 78.125 | F20: =E20/8 -> 9.765625
A21: B2.3 | B21: Custom Objects & Data Model | C21: =SUMIF('📋 All Tasks'!C:C,"B2.3",'📋 All Tasks'!P:P) -> 12 | D21: =C21*0.25 -> 3 | E21: =C21+D21 -> 15 | F21: =E21/8 -> 1.875
A22: B2.4 | B22: SLA Engine & Escalation | C22: =SUMIF('📋 All Tasks'!C:C,"B2.4",'📋 All Tasks'!P:P) -> 31 | D22: =C22*0.25 -> 7.75 | E22: =C22+D22 -> 38.75 | F22: =E22/8 -> 4.84375
A23: B2.5 | B23: Gate Signal Integrations | C23: =SUMIF('📋 All Tasks'!C:C,"B2.5",'📋 All Tasks'!P:P) -> 30 | D23: =C23*0.25 -> 7.5 | E23: =C23+D23 -> 37.5 | F23: =E23/8 -> 4.6875
A24: B2.6 | B24: Bulk & Re-Trigger Services | C24: =SUMIF('📋 All Tasks'!C:C,"B2.6",'📋 All Tasks'!P:P) -> 32.5 | D24: =C24*0.25 -> 8.125 | E24: =C24+D24 -> 40.625 | F24: =E24/8 -> 5.078125
A25: B2.7 | B25: Headless 360 (MCP + AXL + Agent Script) | C25: =SUMIF('📋 All Tasks'!C:C,"B2.7",'📋 All Tasks'!P:P) -> 72 | D25: =C25*0.25 -> 18 | E25: =C25+D25 -> 90 | F25: =E25/8 -> 11.25
A26: B2.8 | B26: React Canvas (Beta) | C26: =SUMIF('📋 All Tasks'!C:C,"B2.8",'📋 All Tasks'!P:P) -> 30 | D26: =C26*0.25 -> 7.5 | E26: =C26+D26 -> 37.5 | F26: =E26/8 -> 4.6875
A27: B2.9 | B27: Testing & UAT | C27: =SUMIF('📋 All Tasks'!C:C,"B2.9",'📋 All Tasks'!P:P) -> 33 | D27: =C27*0.25 -> 8.25 | E27: =C27+D27 -> 41.25 | F27: =E27/8 -> 5.15625
A28: TOTAL | B28: All Features | C28: =SUM(C19:C27) -> 351 | D28: =SUM(D19:D27) -> 87.75 | E28: =SUM(E19:E27) -> 438.75 | F28: =SUM(F19:F27) -> 54.84375
A30: 🗓️ Sprint Timeline
A31: Sprint 2 | B31: Sprint 3 | C31: Sprints 4-6 | D31: Sprint 7 | E31: Sprint 9
A32: Canvas & Designer | B32: Runtime & SLA | C32: Integration Hardening | D32: Headless 360 | E32: React Canvas Beta
A33: =COUNTIF('📋 All Tasks'!L:L,"Sprint 2")&" tasks" -> 9 tasks | B33: =COUNTIF('📋 All Tasks'!L:L,"Sprint 3")&" tasks" -> 15 tasks | C33: =COUNTIF('📋 All Tasks'!L:L,"Sprints 4-6")&" tasks" -> 9 tasks | D33: =COUNTIF('📋 All Tasks'!L:L,"Sprint 7")&" tasks" -> 8 tasks | E33: =COUNTIF('📋 All Tasks'!L:L,"Sprint 9")&" tasks" -> 3 tasks
A35: 🔑 Priority Legend
A36: P1 - Critical | B36: P2 - High | C36: P3 - Medium | D36: P4 - Low
A38: 🗓️ Sprint Colour Legend
A39: Sprint 2 | B39: Sprint 3 | C39: Sprints 4-6 | D39: Sprint 7 | E39: Sprint 9

Sheet 📋 All Tasks
A1: KT Onboarding Enterprise — B2 Onboarding Journey Builder | Module Task Tracker | v1.0 | April 2026
A2: Section: B2 | Category: Journey Orchestration | Platform: Salesforce AppExchange Managed Package
A3: Task ID | B3: Section | C3: Feature ID | D3: Category | E3: Feature Name | F3: Task Name | G3: Description | H3: Tech Layer | I3: Priority | J3: Status | K3: Assigned To | L3: Sprint | M3: Start Date | N3: Due Date | O3: Effort (Pts) | P3: AI Dev (hrs) | Q3: Buffer (25%) | R3: Total Time (hrs) | S3: % Complete | T3: Dependencies | U3: Notes / Blockers
A4: B2-T001 | B4: B2 | C4: B2.1 | D4: Journey Orchestration | E4: Journey Canvas & Designer (LWC) | F4: Build ktJourneyBuilderCanvas LWC | G4: SVG canvas with drag/drop stage nodes, connection arrows, zoom/pan controls, undo/redo (50 steps), auto-layout algorithm, state serialisation to JSON | H4: LWC | I4: P1 - Critical | J4: Not Started | L4: Sprint 2 | O4: 8 | P4: 12 | Q4: =P4*0.25 -> 3 | R4: =P4+Q4 -> 15 | S4: =IF(J4="Completed",1,IF(J4="In Progress",0.5,0)) -> 0
A5: B2-T002 | B5: B2 | C5: B2.1 | D5: Journey Orchestration | E5: Journey Canvas & Designer (LWC) | F5: Build ktJourneyStageNode LWC | G5: Individual stage card with type icon, settings panel, task drop zone, inline SLA config, rename, delete | H5: LWC | I5: P1 - Critical | J5: Not Started | L5: Sprint 2 | O5: 5 | P5: 7.5 | Q5: =P5*0.25 -> 1.875 | R5: =P5+Q5 -> 9.375 | S5: =IF(J5="Completed",1,IF(J5="In Progress",0.5,0)) -> 0 | T5: B2-T001
A6: B2-T003 | B6: B2 | C6: B2.1 | D6: Journey Orchestration | E6: Journey Canvas & Designer (LWC) | F6: Build ktTaskLibraryPanel LWC sidebar | G6: Drag-and-drop task palette covering all 12 task types and sub-flow library chips, filterable by domain tag | H6: LWC | I6: P1 - Critical | J6: Not Started | L6: Sprint 2 | O6: 5 | P6: 7.5 | Q6: =P6*0.25 -> 1.875 | R6: =P6+Q6 -> 9.375 | S6: =IF(J6="Completed",1,IF(J6="In Progress",0.5,0)) -> 0 | T6: B2-T001
A7: B2-T004 | B7: B2 | C7: B2.2 | D7: Journey Orchestration | E7: Flow Orchestration Runtime | F7: Build KT_JourneyTemplateService.cls | G7: Apex service: save/load/validate/version/clone journey JSON, enforce JSON schema, auto-increment version, prevent activation of invalid templates | H7: Apex | I7: P1 - Critical | J7: Not Started | L7: Sprint 2 | O7: 5 | P7: 7.5 | Q7: =P7*0.25 -> 1.875 | R7: =P7+Q7 -> 9.375 | S7: =IF(J7="Completed",1,IF(J7="In Progress",0.5,0)) -> 0 | T7: B2-T007
A8: B2-T005 | B8: B2 | C8: B2.1 | D8: Journey Orchestration | E8: Journey Canvas & Designer (LWC) | F8: Build ktJourneyTemplateGallery LWC | G8: Gallery view of all active templates: filter by domain/persona, clone creates draft copy, activate sets Status=Active, archive, preview | H8: LWC | I8: P2 - High | J8: Not Started | L8: Sprint 2 | O8: 4 | P8: 6 | Q8: =P8*0.25 -> 1.5 | R8: =P8+Q8 -> 7.5 | S8: =IF(J8="Completed",1,IF(J8="In Progress",0.5,0)) -> 0 | T8: B2-T004
A9: B2-T006 | B9: B2 | C9: B2.1 | D9: Journey Orchestration | E9: Journey Canvas & Designer (LWC) | F9: Build KT_JourneyBuilderController.cls | G9: Apex wire methods for canvas LWC: getTemplates, getTemplate, getSubFlows, saveTemplate, activateTemplate, cloneTemplate | H9: Apex | I9: P2 - High | J9: Not Started | L9: Sprint 2 | O9: 3 | P9: 4.5 | Q9: =P9*0.25 -> 1.125 | R9: =P9+Q9 -> 5.625 | S9: =IF(J9="Completed",1,IF(J9="In Progress",0.5,0)) -> 0 | T9: B2-T004
A10: B2-T007 | B10: B2 | C10: B2.3 | D10: Journey Orchestration | E10: Custom Objects & Data Model | F10: Create KT_Journey_Template__c and KT_Journey_Stage__c custom objects | G10: All fields documented in design doc: Template JSON (131k LTA), Domain/Persona picklists, Version, Status, Stage_Count, Task_Count, OWD=Private, FLS configured | H10: Objects / Data Model | I10: P1 - Critical | J10: Not Started | L10: Sprint 2 | O10: 3 | P10: 4.5 | Q10: =P10*0.25 -> 1.125 | R10: =P10+Q10 -> 5.625 | S10: =IF(J10="Completed",1,IF(J10="In Progress",0.5,0)) -> 0
A11: B2-T008 | B11: B2 | C11: B2.3 | D11: Journey Orchestration | E11: Custom Objects & Data Model | F11: Create KT_Task__c custom object | G11: All fields: Task_Type picklist (12 values), Status, Assignee, Assignee_Type, SLA_Days, Gate fields (B3/B4/B5/B6), Branch_Condition__c formula, Is_Blocking__c, Parallel_Group__c, Dependency self-lookup | H11: Objects / Data Model | I11: P1 - Critical | J11: Not Started | L11: Sprint 2 | O11: 3 | P11: 4.5 | Q11: =P11*0.25 -> 1.125 | R11: =P11+Q11 -> 5.625 | S11: =IF(J11="Completed",1,IF(J11="In Progress",0.5,0)) -> 0 | T11: B2-T007
A12: B2-T009 | B12: B2 | C12: B2.9 | D12: Journey Orchestration | E12: Testing & UAT | F12: Build KT_B2_TestFactory.cls + Sprint 2 unit tests | G12: Test data factory for all B2 objects; unit tests for ktJourneyBuilderCanvas wire methods and KT_JourneyTemplateService — min 90% coverage | H12: Apex Tests | I12: P1 - Critical | J12: Not Started | L12: Sprint 2 | O12: 4 | P12: 8 | Q12: =P12*0.25 -> 2 | R12: =P12+Q12 -> 10 | S12: =IF(J12="Completed",1,IF(J12="In Progress",0.5,0)) -> 0 | T12: B2-T004,B2-T006
A13: B2-T010 | B13: B2 | C13: B2.2 | D13: Journey Orchestration | E13: Flow Orchestration Runtime | F13: Build KT_JourneyOrchestrator.cls | G13: Core runtime engine: reads KT_Journey_Template__c JSON, instantiates Flow Orchestration instance, maps 6 stage types to orchestration stages, maps tasks to steps, publishes KT_Journey_Started__e. Implements Queueable, bulkification-safe | H13: Apex | I13: P1 - Critical | J13: Not Started | L13: Sprint 3 | O13: 8 | P13: 12 | Q13: =P13*0.25 -> 3 | R13: =P13+Q13 -> 15 | S13: =IF(J13="Completed",1,IF(J13="In Progress",0.5,0)) -> 0 | T13: B2-T007,B2-T008
A14: B2-T011 | B14: B2 | C14: B2.2 | D14: Journey Orchestration | E14: Flow Orchestration Runtime | F14: Configure Salesforce Flow Orchestration — 6-stage master orchestration | G14: KT_Journey_90Day_Orchestration: 6 orchestration stages (Pre-Onboarding → Day1 → Week1 → 30Day → 60Day → 90Day), sequential and parallel steps, gate Decision nodes wired to KT_Stage_Gate_Decision_Flow | H14: Flow | I14: P1 - Critical | J14: Not Started | L14: Sprint 3 | O14: 8 | P14: 16 | Q14: =P14*0.25 -> 4 | R14: =P14+Q14 -> 20 | S14: =IF(J14="Completed",1,IF(J14="In Progress",0.5,0)) -> 0 | T14: B2-T010
A15: B2-T012 | B15: B2 | C15: B2.2 | D15: Journey Orchestration | E15: Flow Orchestration Runtime | F15: Build parallel/sequential task execution logic in Flow Orchestration | G15: Concurrent orchestration steps using Parallel_Track__c field; sequential chaining; contractor (3-stage) and vendor (2-stage) orchestration variants; branch conditions evaluated per Persona | H15: Flow | I15: P1 - Critical | J15: Not Started | L15: Sprint 3 | O15: 6 | P15: 12 | Q15: =P15*0.25 -> 3 | R15: =P15+Q15 -> 15 | S15: =IF(J15="Completed",1,IF(J15="In Progress",0.5,0)) -> 0 | T15: B2-T011
A16: B2-T013 | B16: B2 | C16: B2.2 | D16: Journey Orchestration | E16: Flow Orchestration Runtime | F16: Build KT_StageGateEvaluator.cls | G16: Evaluates all 4 gate conditions: B3 form completion, B4 document verification, B5 identity verification, B6 compliance score vs threshold. Returns GateResult inner class with isPass + blockingReasons. Invocable method for Flow Orchestration decision step | H16: Apex | I16: P1 - Critical | J16: Not Started | L16: Sprint 3 | O16: 5 | P16: 7.5 | Q16: =P16*0.25 -> 1.875 | R16: =P16+Q16 -> 9.375 | S16: =IF(J16="Completed",1,IF(J16="In Progress",0.5,0)) -> 0 | T16: B2-T007,B2-T008
A17: B2-T014 | B17: B2 | C17: B2.4 | D17: Journey Orchestration | E17: SLA Engine & Escalation | F17: Build KT_SLAService.cls | G17: SLA elapsed % calculation, breach status (Warning 80%/Breach 100%/Critical 150%), time remaining, escalation target routing. Called by scheduler and SLA Dashboard LWC wire adapter | H17: Apex | I17: P1 - Critical | J17: Not Started | L17: Sprint 3 | O17: 5 | P17: 7.5 | Q17: =P17*0.25 -> 1.875 | R17: =P17+Q17 -> 9.375 | S17: =IF(J17="Completed",1,IF(J17="In Progress",0.5,0)) -> 0 | T17: B2-T008,B2-T015
A18: B2-T015 | B18: B2 | C18: B2.3 | D18: Journey Orchestration | E18: Custom Objects & Data Model | F18: Create KT_SLA_Breach__c custom object + SLA tracking fields | G18: All fields: Name (auto-number), Task lookup, Severity picklist, Breach_Timestamp, Breach_Elapsed_Pct, Escalated_To, Resolved_Date, Resolution_Duration_Days formula, Is_Resolved. Also add SLA fields to KT_Journey_Stage__c | H18: Objects / Data Model | I18: P1 - Critical | J18: Not Started | L18: Sprint 3 | O18: 2 | P18: 3 | Q18: =P18*0.25 -> 0.75 | R18: =P18+Q18 -> 3.75 | S18: =IF(J18="Completed",1,IF(J18="In Progress",0.5,0)) -> 0 | T18: B2-T008
A19: B2-T016 | B19: B2 | C19: B2.4 | D19: Journey Orchestration | E19: SLA Engine & Escalation | F19: Build KT_SLA_Monitor_Flow — scheduled every 30 minutes | G19: Scheduled auto-launched flow: queries open tasks approaching SLA due date, calls KT_SLAService to calculate breach status, publishes KT_SLAWarning__e at 80%, KT_SLABreach__e at 100%, KT_SLACritical__e at 150% | H19: Flow | I19: P1 - Critical | J19: Not Started | L19: Sprint 3 | O19: 4 | P19: 8 | Q19: =P19*0.25 -> 2 | R19: =P19+Q19 -> 10 | S19: =IF(J19="Completed",1,IF(J19="In Progress",0.5,0)) -> 0 | T19: B2-T014
A20: B2-T017 | B20: B2 | C20: B2.4 | D20: Journey Orchestration | E20: SLA Engine & Escalation | F20: Build KT_SLA_Escalation_Flow — record-triggered on SLA_Breached__c | G20: Record-triggered flow on KT_Task__c.SLA_Breached__c = true: determines escalation target (owner → stage owner → HR Admin → Executive), sends email + Slack notification, creates KT_SLA_Breach__c log record | H20: Flow | I20: P1 - Critical | J20: Not Started | L20: Sprint 3 | O20: 4 | P20: 8 | Q20: =P20*0.25 -> 2 | R20: =P20+Q20 -> 10 | S20: =IF(J20="Completed",1,IF(J20="In Progress",0.5,0)) -> 0 | T20: B2-T016
A21: B2-T018 | B21: B2 | C21: B2.4 | D21: Journey Orchestration | E21: SLA Engine & Escalation | F21: Build ktSLADashboard LWC | G21: Real-time SLA health dashboard: open tasks by severity (On Track/Warning/Breach/Critical), escalation queue table, breach trend chart by stage and domain. Wire-connected to KT_Task__c aggregate SOQL via KT_SLAService | H21: LWC | I21: P2 - High | J21: Not Started | L21: Sprint 3 | O21: 5 | P21: 7.5 | Q21: =P21*0.25 -> 1.875 | R21: =P21+Q21 -> 9.375 | S21: =IF(J21="Completed",1,IF(J21="In Progress",0.5,0)) -> 0 | T21: B2-T014
A22: B2-T019 | B22: B2 | C22: B2.2 | D22: Journey Orchestration | E22: Flow Orchestration Runtime | F22: Build ktTaskChecklist LWC | G22: Interactive task checklist per stage: task name, assignee, SLA due date, status chip, links to B3 form / B4 document / B5 verification / B6 compliance check. Platform Event real-time refresh. Manual completion toggle for non-gated tasks | H22: LWC | I22: P1 - Critical | J22: Not Started | L22: Sprint 3 | O22: 5 | P22: 7.5 | Q22: =P22*0.25 -> 1.875 | R22: =P22+Q22 -> 9.375 | S22: =IF(J22="Completed",1,IF(J22="In Progress",0.5,0)) -> 0 | T22: B2-T013
... A47: B2-T044 | B47: B2 | C47: B2.8 | D47: Journey Orchestration | E47: React Canvas (Beta) | F47: Custom Scoring Evals for journey gate accuracy | G47: Early Access: custom evaluation framework measuring gate evaluation accuracy — false positives/negatives on stage advance decisions. Feeds back to Agent Script block tuning | H47: UAT | I47: P3 - Medium | J47: Not Started | L47: Sprint 9 | O47: 4 | P47: 10 | Q47: =P47*0.25 -> 2.5 | R47: =P47+Q47 -> 12.5 | S47: =IF(J47="Completed",1,IF(J47="In Progress",0.5,0)) -> 0 | T47: B2-T037,B2-T042

Sheet 📅 Sprint Plan
A1: KT Onboarding Enterprise — B2 Onboarding Journey Builder | Sprint Plan
A2: Sprint delivery mapped to B2 feature areas | Sprint 2 → Sprint 9
A3: Sprint | B3: Theme | C3: Total B2 Tasks | D3: P1 Tasks | E3: P2 Tasks | F3: Story Points | G3: Status | H3: Key B2 Deliverables | I3: Headless 360 Notes | J3: Key Dependencies
A4: Sprint 2 | B4: Canvas & Designer | C4: =COUNTIF('📋 All Tasks'!L:L,"Sprint 2") -> 9 | D4: =COUNTIFS('📋 All Tasks'!L:L,"Sprint 2",'📋 All Tasks'!I:I,"P1 - Critical") -> 7 | E4: =COUNTIFS('📋 All Tasks'!L:L,"Sprint 2",'📋 All Tasks'!I:I,"P2 - High") -> 2 | F4: =SUMIF('📋 All Tasks'!L:L,"Sprint 2",'📋 All Tasks'!O:O) -> 40 | G4: Not Started | H4: ktJourneyBuilderCanvas LWC (SVG drag/drop), ktJourneyStageNode, ktTaskLibraryPanel, KT_JourneyTemplateService.cls, ktJourneyTemplateGallery, KT_Journey_Template__c & KT_Journey_Stage__c & KT_Task__c objects, Sprint 2 unit tests | I4: No Headless 360 items in Sprint 2 | J4: B1 must have created KT_Journey_Stage__c and KT_Task__c records before B2 canvas is testable
A5: Sprint 3 | B5: Runtime & SLA | C5: =COUNTIF('📋 All Tasks'!L:L,"Sprint 3") -> 15 | D5: =COUNTIFS('📋 All Tasks'!L:L,"Sprint 3",'📋 All Tasks'!I:I,"P1 - Critical") -> 10 | E5: =COUNTIFS('📋 All Tasks'!L:L,"Sprint 3",'📋 All Tasks'!I:I,"P2 - High") -> 5 | F5: =SUMIF('📋 All Tasks'!L:L,"Sprint 3",'📋 All Tasks'!O:O) -> 74 | G5: Not Started | H5: KT_JourneyOrchestrator.cls, 90-Day Flow Orchestration (6 stages), parallel execution, KT_StageGateEvaluator.cls, KT_SLAService.cls, KT_SLA_Breach__c object, SLA Monitor/Escalation Flows, ktSLADashboard, ktTaskChecklist, Pause/Resume, ktConditionalBranchEditor, sub-flow library | I5: No Headless 360 items in Sprint 3 | J5: B1 DIE fully operational (Sprint 2); Flow Orchestration licence enabled in org
A6: Sprints 4-6 | B6: Integration Hardening | C6: =COUNTIF('📋 All Tasks'!L:L,"Sprints 4-6") -> 9 | D6: =COUNTIFS('📋 All Tasks'!L:L,"Sprints 4-6",'📋 All Tasks'!I:I,"P1 - Critical") -> 6 | E6: =COUNTIFS('📋 All Tasks'!L:L,"Sprints 4-6",'📋 All Tasks'!I:I,"P2 - High") -> 3 | F6: =SUMIF('📋 All Tasks'!L:L,"Sprints 4-6",'📋 All Tasks'!O:O) -> 34 | G6: Not Started | H6: B3/B4/B5/B6 gate signal integrations, ktBulkJourneyManager LWC, KT_BulkJourneyService.cls, KT_JourneyReTriggerService.cls, B7 portal wire, KT_Journey_Completed__e publish, UAT across 3 domains | I6: No Headless 360 items in Sprints 4-6 | J6: B3 Smart Forms (Sprint 3), B4 Document CLM (Sprint 4), B5 Verification (Sprint 5), B6 Compliance (Sprint 2) must be deployed
A7: Sprint 7 | B7: Headless 360 | C7: =COUNTIF('📋 All Tasks'!L:L,"Sprint 7") -> 8 | D7: =COUNTIFS('📋 All Tasks'!L:L,"Sprint 7",'📋 All Tasks'!I:I,"P1 - Critical") -> 0 | E7: =COUNTIFS('📋 All Tasks'!L:L,"Sprint 7",'📋 All Tasks'!I:I,"P2 - High") -> 7 | F7: =SUMIF('📋 All Tasks'!L:L,"Sprint 7",'📋 All Tasks'!O:O) -> 32 | G7: Not Started | H7: kt_get_journey_status MCP tool, kt_advance_journey_stage MCP tool, kt_get_overdue_journeys MCP tool, Agent Script Stage Gate Evaluator (deterministic), Vibes 2.0 Unified Catalog registration, kt_journey_progress_card AXL, kt_sla_alert_card AXL, kt_task_action_card AXL | I7: B2 is a primary Sprint 7 contributor: 3 MCP tools + 3 AXL cards + 1 Agent Script block. All agents migrated to Vibes 2.0. SLABreach event feed registered as proactive HR Copilot alert. | J7: All B2 runtime tasks (Sprint 3) complete; MuleSoft Agent Registry configured (B11 Sprint 7)
A8: Sprint 9 | B8: React Canvas Beta | C8: =COUNTIF('📋 All Tasks'!L:L,"Sprint 9") -> 3 | D8: =COUNTIFS('📋 All Tasks'!L:L,"Sprint 9",'📋 All Tasks'!I:I,"P1 - Critical") -> 0 | E8: =COUNTIFS('📋 All Tasks'!L:L,"Sprint 9",'📋 All Tasks'!I:I,"P2 - High") -> 0 | F8: =SUMIF('📋 All Tasks'!L:L,"Sprint 9",'📋 All Tasks'!O:O) -> 17 | G8: Not Started | H8: React Journey Builder canvas (Vibes 2.0 React runtime), kt_bulk_status_summary AXL daily digest, Custom Scoring Evals for gate accuracy (Early Access) | I8: React canvas uses Vibes 2.0 natural language journey generation — text description → template JSON via LLM. A/B feature flag vs LWC canvas per org. | J8: Sprint 7 Vibes 2.0 Unified Catalog registration complete; React Vibes 2.0 Early Access enabled

Sheet 🔗 Integration Reference
A1: KT B2 — Cross-Feature Integration Reference
A2: Gate signal integrations and downstream consumers for B2 Onboarding Journey Builder
A3: Feature | B3: Direction | C3: Integration Point | D3: Mechanism | E3: Sprint | F3: Notes
A4: B1 — Domain Intelligence Engine | B4: → B2 RECEIVES | C4: KT_Journey_Stage__c + KT_Task__c records created on KT_Onboarding__c insert; KT_Journey_Template__c ID populated | D4: B1 Apex trigger creates records; KT_JourneyOrchestrator reads on KT_Onboarding__c after-insert | E4: Sprint 1–2 | F4: B1 is the only upstream input to B2. Without B1, no journey can be instantiated. B1 must be fully operational before B2 runtime testing.
A5: B3 — Smart Form Builder | B5: → B2 RECEIVES (gate signal) | C5: KT_Form_Response__c.Status = Submitted for forms linked to task Gate_Form_ID__c | D5: Record-Triggered Flow on KT_Form_Response__c insert/update; calls KT_StageGateEvaluator.cls | E5: Sprint 4 | F5: Form gate re-evaluated on each submission. Stage advances if all 4 gates now satisfied.
A6: B4 — Document CLM | B6: → B2 RECEIVES (gate signal) | C6: KT_Document_Request__c.Status = Verified for document types matching Gate_Document_Type__c on KT_Task__c | D6: Record-Triggered Flow on KT_Document_Request__c update; gate re-evaluation | E6: Sprint 4 | F6: Document gate unblocks stage when all required document types verified. Cascade to KT_Stage_Advanced__e if all gates pass.
A7: B5 — Identity & Credential Verification | B7: → B2 RECEIVES (gate signal) | C7: KT_Verification__c.Status = Passed for verification types matching Gate_Verification_Type__c | D7: KT_Verification_Completed__e Platform Event subscription; triggers KT_StageGateEvaluator | E7: Sprint 5 | F7: Verification gate evaluated on Platform Event receipt. Background check cleared = gate passes for that type.
A8: B6 — Compliance Engine | B8: → B2 RECEIVES (gate signal) | C8: KT_Compliance_Check__c compliance score updates; score evaluated against Gate_Compliance_Threshold__c on KT_Journey_Stage__c | D8: KT_Compliance_Scored__e Platform Event; KT_StageGateEvaluator checks score >= threshold | E8: Sprint 5 | F8: Compliance gate is the final gate — only evaluated after form/doc/verification gates pass. Minimum score is per-stage configurable.
A9: B3 — Smart Form Builder | B9: B2 GIVES → | C9: KT_Task__c records with Task_Type=Form and Gate_Form_ID__c set — tells B3 which form to surface per task; stage activation notifies B3 | D9: KT_Journey_Started__e + KT_Stage_Advanced__e event subscriptions in B3 | E9: Sprint 3 | F9: B2 provides the 'what form is needed' signal. B3 owns form rendering and submission. B2 only reads completion status.
A10: B4 — Document CLM | B10: B2 GIVES → | C10: KT_Task__c records with Gate_Document_Type__c set — tells B4 which document types to request for each stage; journey context for document naming | D10: KT_Task__c record insert (on journey instantiation); KT_Stage_Advanced__e event | E10: Sprint 4 | F10: B2 provides required document type list. B4 owns document generation, e-sign, and vault storage. B2 only reads verification status.
A11: B5 — Identity & Credential Verification | B11: B2 GIVES → | C11: KT_Task__c records with Gate_Verification_Type__c — triggers B5 to initiate verification workflows; Pre-Onboarding stage activation = start verifications | D11: KT_Task__c insert; KT_Journey_Started__e event triggers B5 verification orchestrator | E11: Sprint 5 | F11: Pre-Onboarding stage activating is the signal for B5 to begin identity/background check orchestration.
A12: B6 — Compliance Engine | B12: B2 GIVES → | C12: Stage advance signals — tells B6 a new stage is active, compliance checks for that stage should begin; compliance threshold passed from stage definition | D12: KT_Stage_Advanced__e Platform Event subscription in B6 | E12: Sprint 5 | F12: Each stage activation triggers B6 to evaluate applicable compliance rules for that stage type + domain + persona combination.
A13: B7 — Onboardee Portal | B13: B2 GIVES → | C13: Live journey status: all stages + tasks with statuses, due dates, completion. Stage advance notifications. Real-time task checklist for onboardee self-service. | D13: KT_Journey_Started__e + KT_Stage_Advanced__e events; ktTaskChecklist LWC wired via Experience Cloud | E13: Sprint 4 | F13: B7 portal is the onboardee's view of B2 data. ktTaskChecklist LWC is shared between HR Admin App and B7 Experience Cloud portal.
A14: B8 — IT & Equipment Provisioning | B14: B2 GIVES → | C14: KT_Task__c records with Task_Type=IT — triggers B8 to initiate system access and equipment provisioning workflows | D14: KT_Task__c insert (record-triggered flow) + KT_Stage_Advanced__e | E14: Sprint 5 | F14: IT tasks in Pre-Onboarding stage automatically trigger B8 provisioning flows. Start date from KT_Onboarding__c drives provisioning timeline.
... A17: B11 — Integrations & Open API | B17: B2 GIVES → | C17: kt_get_journey_status + kt_advance_journey_stage + kt_get_overdue_journeys MCP tools exposed via Flex Gateway for external system consumption | D17: MCP tool REST endpoints registered in Vibes 2.0 Unified Catalog + MuleSoft Agent Registry | E17: Sprint 7 | F17: External HR systems can query journey status and advance stages programmatically via KT Open API using the MCP tool endpoints.
